1,Henderson,Singgit,933147
2,Rice,Granada,288252
3,Kain,Terawas,86199
4,Donavon,Somdet,203437
5,Florence,Niedercorn,119981
6,Harriette,Klaeng,915198
7,Raff,Mayskiy,978185
8,Lucias,Kalebun,655782
9,Gerardo,Ushumun,281066
10,Zelma,Liuhe,79653
11,Lenore,Shuiyin,554598
12,Jacquie,La Concepcion,505496
13,Becki,Neftekamsk,62988
14,Olympe,Pokrov,777178
15,Carolin,Zhanjia,221348
16,Chandra,Macedo de Cavaleiros,133400
17,Dolorita,Iwanuma,316956
18,Krystle,Al Hilāliyya,761990
19,Greta,Chao,613034
20,Teriann,San Clemente,962390
21,Delbert,Horní Cerekev,754426
22,Guillermo,Shishang,672519
23,Tripp,Jing’an,887674
24,Charlene,Zakupne,448273
25,Noll,Cumadcad,904538
26,Chris,Rymättylä,480309
27,Stephen,Sabangan,328070
28,Cirilo,Midões,310184
29,Rosemonde,Vale Flores,724711
30,Mathew,Ratnapura,892423
31,Alisha,Bukedea,217098
32,Lancelot,Novoselitsa,601433
33,Reinald,Kuala Terengganu,501156
34,Marcus,Rubio,570150
35,Cirillo,Cachoeira do Sul,331663
36,Natalie,Settat,465659
37,Nevsa,Cavan,917166
38,Christoper,Falun,976615
39,Egon,Plavy,345714
40,Camila,Vicente Guerrero,673316
41,Florrie,Muzi,304531
42,Colly,Chełmża,786680
43,Datha,Xiaojinkou,524518
44,Salim,Berlin,779637
45,Olenka,Lubu,617990
46,Nevil,Andamui,493813
47,Hatty,Mandala,684497
48,Hobart,Rancabuaya,737648
49,Benetta,Masaya,454593
50,Gertrudis,Shchelkovo,103673
51,Gan,Changning,356297
52,Stuart,Vrbno pod Pradědem,502414
53,Chas,Dalongtan,916584
54,Bailie,Fornelos,794510
55,Mary,Liljendal,858811
56,Bennett,Sosnovoborsk,404822
57,Clemmy,Złota,304355
58,Frazer,Juegang,961216
59,Falito,Huating,379279
60,Phyllida,Ríohacha,570734
61,Eduard,Richmond,219539
62,Karna,Jinhe,103809
63,Kean,Ongi,628521
64,Agnola,Wangjiahe,442701
65,Lynett,Heydərabad,988375
66,Clayton,Tagbina,10455
67,Mackenzie,Mstów,890887
68,Cyrillus,Tawan tawan,141144
69,Kippy,eSikhawini,447738
70,Maurene,Gabao,731511
71,Christy,Phrae,326264
72,Sharleen,Pasongsongan,764655
73,Joyann,Jiale,854053
74,Lorrie,Envira,668466
75,Jdavie,Taznakht,345552
76,Jefferey,Borowno,342581
77,Sheilakathryn,Jiguan,610170
78,Nolly,Koktal,185535
79,Bebe,Zhujiapu,447705
80,Ebony,Itatuba,546279
81,Gaye,Kalandagan,296363
82,Melitta,Niuzhuang,666549
83,Darcee,Olenyok,418263
84,Aileen,Panyingkiran,574450
85,Sheilah,Itagüí,654180
86,Willow,Messina,305488
87,Melina,Jinchuan,34820
88,Lucho,Novovolyns’k,196814
89,Korey,Mashan,534030
90,Birgitta,Barayong,393566
91,Terri,Adelaide Mail Centre,131615
92,Cazzie,Šid,542938
93,Zitella,Ploemeur,493619
94,Lyda,Maoping,838218
95,Sarita,Santa Rosa de Cabal,328850
96,Marguerite,Koktokay,374165
97,Bondie,Hacı Zeynalabdin,218287
98,Peyter,Madur,811703
99,Sheela,Cofimvaba,98446
100,Isabeau,Sandgerði,116693
101,Orren,Atawutung,989728
102,Daphna,Filipstad,290744
103,Hilary,Mrzezino,902899
104,Sigismundo,Daytona Beach,737508
105,Joana,Jinjing,723286
106,Reinaldos,Qingsong,353756
107,Aretha,Gagah,527640
108,Lucienne,El Dividive,60347
109,Jarrod,Zhambyl,136262
110,Hurlee,Ostrowite,606652
111,Phip,Zürich,546131
112,Errol,Luojiaping,423852
113,Godfree,Nguluhan,869276
114,Sharline,Wang Chan,137029
115,Britta,Khao Kho,567389
116,Harriott,Mumias,152540
117,Thayne,Otlja,613768
118,Colly,Phayuha Khiri,573536
119,Paten,Yandev,376600
120,Kaine,Dublje,858742
121,Sorcha,Casa Quemada,86158
122,Dacey,Lazarevskoye,426440
123,Austen,Bamako,197813
124,Terry,Motge,190540
125,Opalina,La Paz,198197
126,Erroll,Los Guayos,833651
127,Gauthier,Lushan,540331
128,Dickie,Meixi,820932
129,Jock,Duitama,714584
130,Rosa,Stockholm,562554
131,Jeth,Nangakeo,999347
132,Noellyn,Yaroslavl,83486
133,Andrew,Texistepeque,610810
134,Cristi,Kalinovskaya,250930
135,Jillana,Paris 06,560055
136,Maurizio,Creighton,940107
137,Ferguson,Kulevcha,671770
138,Manolo,Mazra‘at Bayt Jinn,664466
139,Tansy,Punkaharju,789879
140,Iris,Kamen’-na-Obi,685213
141,Andrus,Calvão,447042
142,Fritz,Belopa,376911
143,Keely,Sherpur,654167
144,Henka,Springfield,788666
145,Granger,Jermenovci,102503
146,Vonni,Zhaocun,277858
147,Celene,Sujiatuo,956792
148,Phaedra,Njurunda,176567
149,Blondy,Longquan,311441
150,Aleda,Vavozh,911754
151,Yolane,Boto,503113
152,Karleen,Kristiansand S,431898
153,Marielle,Mashan,348865
154,Devina,Zhongcun,277636
155,Raff,Odiongan,850347
156,Skye,Coro,360369
157,Thaxter,Utara,703589
158,Fred,Örnsköldsvik,937610
159,Gretna,Kavajë,31661
160,Irena,Hecun,163119
161,Aharon,Xinyang,333994
162,Valera,Visby,47820
163,Mathew,Ikoma,919254
164,Wood,Borlänge,329911
165,Lawry,Odiongan,222354
166,Evin,N’dalatando,613019
167,Beale,Mingyihe,900874
168,Torre,Gao’an,461365
169,Marietta,Phuthaditjhaba,862015
170,Ki,Gračac,814375
171,Britt,Borkowice,479607
172,Estele,Vacaria,340591
173,Xerxes,Capim Grosso,836433
174,Waldemar,Makrychóri,801081
175,Rogerio,Huichang,305868
176,Niles,Viana do Castelo,313861
177,Eugenia,Ivry-sur-Seine,116754
178,Eberhard,Velké Bílovice,731349
179,Liam,‘Ūrīf,474081
180,Herbert,Solosolo,777239
181,Derron,Jāti,346782
182,Jordan,Gagah,66267
183,Carmelina,Socorro,787577
184,Hillier,Zliv,614039
185,Allys,Alfortville,317097
186,Jennilee,Kristinehamn,796236
187,Evin,Paris 18,977444
188,Bernette,Daeosin Satu,496111
189,Jeromy,Shuanghekou,230412
190,Amory,Eslāmābād,864182
191,Joscelin,Nancy,964662
192,Betteanne,Mariana,383448
193,Courtnay,Manhush,40655
194,Kelci,Haodian,472309
195,Kelly,Kopen,606101
196,Elsworth,Brodnica,526633
197,Adrian,Hongtang,769339
198,Kacie,Cikeusal,659904
199,Letizia,Lebel-sur-Quévillon,420814
200,Natty,Vila Alva,784975
201,Bing,Yasinya,159150
202,Rudyard,Wangzha,493900
203,Wayland,Grigoropolisskaya,16138
204,Nikolos,Jinguoping,766212
205,Austin,Greensboro,326050
206,Hilary,Yejia,937364
207,Carilyn,Sigeng,770917
208,Clark,Huji,160004
209,Patience,Örebro,296368
210,Alfy,Shnogh,310448
211,Cornie,Szydłowo,930028
212,Elton,Beihe,227263
213,Hadlee,Stockholm,574879
214,Friederike,Liupai,459850
215,Martelle,Monte-Carlo,102556
216,Juditha,Goussainville,658657
217,Theressa,Limón,869609
218,Bartholomeo,Roshnik,840130
219,Franz,Laurel,374564
220,Etan,Pensacola,453577
221,Lilia,Setanggor,454659
222,Domingo,Rabak,470863
223,Donny,Kalangala,130625
224,Binny,Il’inskiy,878386
225,Algernon,Suvorovo,979704
226,Henderson,Dhidhdhoo,586679
227,Harley,Panikian,539926
228,Aaren,Sandouping,388904
229,Seth,Brzyska,249416
230,Clayton,Itupeva,886309
231,Willamina,Baoshan,398765
232,Thorn,Balboa,356742
233,Katlin,Hantang,607690
234,Darn,Borås,228846
235,Iris,Jishi,255918
236,Silvana,Bonak,128590
237,Lynnett,Kuntong,835700
238,Jerrome,Chowki Jamali,202381
239,Astrix,Wellington,324266
240,Stewart,Norsborg,704660
241,Ivor,Thị Trấn Nguyên Bình,564449
242,Mace,Dongcun,205291
243,Darice,Altanbulag,527877
244,Cesya,Mandeni,958725
245,Emmerich,Tieli,406213
246,Ase,Beringin,496736
247,Fabio,Boromlya,66476
248,Sue,Houk,174978
249,Karee,Korba,834227
250,Kermie,Laoshawan,394480
251,Gabriell,Pak Kret,998627
252,Henrie,Jajar,872474
253,Janine,Ryūgasaki,910438
254,Hally,Phanna Nikhom,312894
255,Katey,Gaoqiao,949905
256,Dominique,Alor Setar,233711
257,Cristy,Tilburg,836463
258,Powell,Daqingshan,467323
259,Marillin,Makiv,190007
260,Thedrick,Vitoria-Gasteiz,16504
261,Josefina,Maceda,272712
262,Lia,San Miguel,386419
263,Gerianna,Bagaces,102818
264,Codi,Souto,457049
265,Piggy,Pora,344170
266,Glenna,Tall Ḩamīs,332206
267,Chick,Pilchowice,841597
268,Augustine,Đắk Song,30901
269,Gage,Sukamaju,20854
270,Alvira,Idi Rayeuk,284890
271,Rubina,Spartanburg,729724
272,Isak,Nokaneng,368867
273,Crystal,Milwaukee,849370
274,Sinclair,Turenki,367377
275,Issiah,Yanhe,744535
276,Webster,Uujim,724843
277,Taddeo,Dayangqi,442164
278,Lincoln,Khulna,16693
279,Grover,Plužine,363911
280,Katusha,San Isidro,796969
281,Franni,Farīdpur,970838
282,La verne,Kitui,500101
283,Brittan,Sudimanik,673959
284,Amalle,Yantan,85263
285,Waite,Langchuan,166081
286,Tiffy,Chisec,238724
287,Annalee,Wan’an,156135
288,Liesa,Novhorodka,826797
289,Sidoney,Tucuruí,12422
290,Carmelita,Dawan,606800
291,Aldin,Gardēz,132765
292,Giustino,Koktokay,911720
293,Aggi,Yidao,771184
294,Natty,Klášter,705114
295,Brigid,Romilly-sur-Seine,979783
296,Stavros,Puamata,563471
297,Silvana,Avelar,980828
298,Sutherlan,Le Port,57660
299,Elliot,Aracati,763371
300,Brigid,Dongming Chengguanzhen,323533
301,Nilson,Tāfuna,624273
302,Piggy,Dazhipo,594661
303,Brigit,Rovensko pod Troskami,474619
304,Seka,Maogou,636799
305,Jarad,Omigawa,530660
306,Roze,Paipu,98859
307,Salim,Huangze,533039
308,Dian,Bolesławiec,550328
309,Ailbert,Cijambe,700486
310,Rad,Mi’ersi,305164
311,Shandie,Sussex,597274
312,Janey,Svedala,927679
313,Fidela,Mammari,643526
314,Vincents,Belize City,148122
315,Daron,Mesker-Yurt,381559
316,Minnie,Manoc-Manoc,955227
317,Dorothy,Callahuanca,456667
318,Kitty,Lin’an,707197
319,Averyl,Zárate,558354
320,Charmain,Oxelösund,364796
321,Deloris,Sambopinggir,296908
322,Lay,Rialma,941143
323,Gregoor,Bi’r al ‘Abd,954834
324,Llywellyn,Liangbing,621466
325,Chris,Yushu,331543
326,Marlow,Linmansangan,232270
327,Binky,Hedi,759026
328,Nelson,Bueng Khong Long,632167
329,Cherin,La Celia,180375
330,Omero,Guéret,766367
331,Quentin,Plaridel,905871
332,Dru,Ngasinan,286223
333,Velvet,La Azulita,980023
334,Gena,Patiya,128508
335,Krysta,Taihe,935757
336,Madalena,Arboga,486060
337,Tito,Sinjhoro,61600
338,Deirdre,Strzelin,822820
339,Budd,Halmstad,803394
340,Lurlene,Kaulon,32857
341,Travus,Orleans,40292
342,Ciel,Jinshan,609760
343,Lilyan,Beicheng,31130
344,Phillipp,Tangjiawan,932717
345,Weylin,Lárdos,706924
346,Zaneta,Liljendal,975544
347,Fernande,Coripata,399836
348,Melvin,Vargem Grande,376012
349,Krystle,Baicun,244249
350,Malvin,Battaramulla South,248930
351,Jessey,Solna,237371
352,Mayor,Viseu,284126
353,Nappie,Badrah,984882
354,Renee,Al Ibrāhīmīyah,116112
355,Hamid,Owo,814693
356,Talbert,Mutsu,733921
357,Jeanie,Plewiska,927309
358,Leda,Costa Sacate,420311
359,Roselle,Resapombo,572745
360,Brandtr,Cape Town,53240
361,Karoly,Saint-Louis,583344
362,Lorena,Zākhū,279354
363,Lindsay,San Luis Ixcán,20021
364,Adolphe,Columbus,915556
365,Carlos,Xilinji,562304
366,Robinette,Nanortalik,118390
367,Brade,Kebili,577888
368,Prissie,Zhugentan,84248
369,Ethe,Strel'na,729027
370,Erroll,Randu,636768
371,Jessa,Taibai,667100
372,Harland,Virolahti,208162
373,Paulita,Paris 09,838718
374,Tammie,El Pardo,809585
375,Fern,Mirnyy,562075
376,Car,Weepanapi,991537
377,Brande,Kuybyshevo,910674
378,Avictor,Linggou,117704
379,Tucker,Qingyang,91029
380,Warden,Bogorejo,122634
381,Karlan,Mangero,155665
382,Isaiah,Marilao,249455
383,Pepito,Levashi,434551
384,Arron,Ust’-Dzheguta,889888
385,Nolan,Chavães,408065
386,Colver,Lalmanirhat,45323
387,Rahel,Pantanal,423450
388,Natale,Karangpapak,910682
389,Berton,Caromatan,919551
390,Freedman,Weepanapi,563946
391,Peggy,Tampere,292965
392,Kylie,Goworowo,388822
393,Elsinore,Bom Conselho,607525
394,Sheffield,Fort Wayne,434394
395,Kerianne,San Javier,95718
396,Pierce,Youcheng,498263
397,Rolland,Bunut,511259
398,Brooks,Kalanchak,676118
399,Daven,Bobrovka,706064
400,Pooh,Pombos,916419
401,Wayne,San Manuel,850301
402,Enid,Blagnac,418346
403,Justus,Sangkulirang,282613
404,Aubrette,Pajung,168254
405,Jemmie,Parungjawa,834800
406,Eduardo,Waegwan,570754
407,Bard,Kuala Belait,292645
408,Davon,Mochudi,102759
409,Barris,Shabqadar,824637
410,Aprilette,Bangunsari,982844
411,Maggi,Kentau,820007
412,Deane,Maulavi Bāzār,772040
413,Florencia,Não Me Toque,38810
414,Tam,Dubinino,811259
415,Ashly,Nihaona,553582
416,Bald,Jakubowice Murowane,771250
417,Harriett,Khōshāmand,414831
418,Eugenie,Las Vegas,270424
419,Wrennie,Sukoanyar,850958
420,Piotr,Imatra,306388
421,Pernell,Javalera,890486
422,Violet,Longqiao,956308
423,Justinian,Louisville,509083
424,Natalie,Stráž,700202
425,Keely,Huacho,859505
426,Rivy,Yangi-Nishon Shahri,189675
427,Carleton,Solnechnogorsk,292717
428,Gabrila,Cedry Wielkie,467695
429,Harper,Chernivtsi,397909
430,Normy,Bang Kruai,970468
431,Tabbi,Kebonagung,314636
432,Phillida,Fajões,984255
433,Ibbie,Tver,976100
434,Odele,Dongchong,310328
435,Corette,Angers,864954
436,Jillian,Liozon,745818
437,Carol,Dolní Černilov,35904
438,Gibby,Mongu,122952
439,Abdel,Clifden,618818
440,Kerry,Sheshory,349558
441,Franklin,Akzhal,929796
442,Marlo,Huanggangshan,71427
443,Maxim,Pryazovs’ke,316016
444,Danna,São José,109126
445,Chiquita,Sirājganj,736662
446,Aurelea,Firminópolis,722124
447,Gillian,Vinsady,800055
448,Aida,Shemonaīkha,171096
449,Donnell,Alor Setar,519921
450,Lynnette,Novi Bilokorovychi,295040
451,Fae,Sambungjaya,76606
452,Melantha,Telsen,616393
453,Johnna,Murça,376713
454,Laney,Xihe,326388
455,Katherine,Le Mans,264365
456,Suzanne,Maguyam,533592
457,Callean,Johor Bahru,300818
458,Dirk,Shakīso,290083
459,Cello,Rozkishne,788703
460,Belia,Baozhu,105092
461,Leandra,Yuelai,716577
462,Lona,Longnan,685025
463,Darrelle,Cibunar,407413
464,Chantalle,Woto,813093
465,Eleni,Plesná,782743
466,Aubrey,Guará,199950
467,Eveleen,Tazemmourt,293023
468,Harli,Dulangan,720540
469,Bryant,Gayny,137531
470,Mabelle,Weiguo,118603
471,Jory,Sanli,447746
472,Skyler,Gargaliánoi,719375
473,Murvyn,Terjan,118072
474,Cesaro,Cam Lộ,426120
475,Jerrie,Gakovo,840522
476,Paulo,Tunggaoen Timur,297786
477,Devin,Jatiwangi,525759
478,Tarra,Almeria,811661
479,Franz,Yunmen,856909
480,Isabella,San Isidro,671570
481,Natala,San Narciso,602049
482,Perle,Sobreira,857082
483,Kathi,El Cubolero,838731
484,Aurthur,Zipaquirá,297476
485,Trudy,Chernukha,961380
486,Hobie,Jevíčko,144954
487,Cathleen,Chambray-lès-Tours,524905
488,Garvy,Awsīm,518020
489,Horst,Regueiro,266575
490,Cammi,Phan Rang-Tháp Chàm,329556
491,Allin,Dagur,544025
492,Robby,Hīsh,558462
493,Gerhardine,Pucyura,333491
494,Ailsun,Chambéry,870568
495,Siouxie,Orerokpe,494376
496,Trumann,Huarancante,183489
497,Ernest,Jintan,847391
498,Yovonnda,Talisay,497584
499,Mamie,Oslo,666679
500,Clarisse,Nelas,152635
501,Domini,Gierałtowice,687623
502,Aubrey,Lubukgadang,17009
503,Sherilyn,Wenfu,767499
504,Wilhelm,Ribeiro,507811
505,Lloyd,Týrnavos,76030
506,Egon,Ban Mo,949021
507,Anni,Rabak,232165
508,Taite,Candelaria,680410
509,Alethea,Dijon,171008
510,Itch,Newala Kisimani,406466
511,Dolph,Panalingaan,208998
512,Beilul,Ylöjärvi,448023
513,Timi,Tanbuqiao,689817
514,Leesa,Covão,854287
515,Boy,Atar,868765
516,Xylina,Pilaya,873904
517,Gris,Toksovo,452009
518,Mira,Puksoozero,707443
519,Jemimah,Tumpang,300703
520,Aland,Nakuru,881056
521,Kingsley,Sanquan,236653
522,Bondy,Nyinqug,543432
523,Jeana,Pingya,421624
524,Josee,Jiawu,11118
525,Basilio,Calabaca,695896
526,Townsend,Duncan,946228
527,Mendy,Ashkāsham,578655
528,Krispin,Bihoro,659561
529,Taddeo,Sanshan,649008
530,Sarge,Kibuku,910838
531,Morissa,Falun,64756
532,Adrian,Tunja,584933
533,Quintilla,Dabagou,979812
534,Davina,Kilindoni,727333
535,Waite,Alfta,452029
536,Gray,El Pino,293824
537,Cherlyn,Dzikowiec,913942
538,Marie-ann,Jiale,250320
539,Shandra,Pasrukrajan Satu,431811
540,Frannie,Sölvesborg,899213
541,Tresa,Xichangmen,630869
542,Pauli,Minian,37091
543,Jaquith,Canhestros,786194
544,Laurianne,Brejieira,923867
545,Alf,Manogay,408473
546,Georgi,Carepa,476644
547,Lily,Al Miqdādīyah,951152
548,Millard,Velké Hoštice,494205
549,Marcus,Jajaway,465266
550,Svend,Bayambang,92504
551,Petunia,Hongwei,372179
552,Arda,Qingyang,328679
553,Ginnifer,Wuyanquan,131703
554,Joella,Pohang,73550
555,Brendis,Krông Kmar,628569
556,Zandra,Bangassou,861565
557,Kaleb,Makrýgialos,863155
558,Shermy,Kaffrine,445519
559,Raquel,Yëlkino,586053
560,Hubey,Negombo,363136
561,Paulie,Pangascasan,729392
562,Teddi,Herrljunga,88916
563,Dorothea,Porsgrunn,532873
564,Gordan,Saiki,527040
565,Mervin,Nanao,77472
566,Tamera,Balitai,765536
567,Maritsa,Papineauville,32509
568,Joanna,Nelidovo,745059
569,Rudd,Rybnoye,108495
570,Morly,Cerkvenjak,884121
571,Franky,Lamadong,615532
572,Tracey,Ngajum,658177
573,Rodolphe,Xinpu,824760
574,Gwenore,Los Angeles,12040
575,Sherlock,Cherga,877976
576,Antonietta,Trostyanets’,208464
577,Dorise,Wujingfu,697156
578,Tirrell,Jutrosin,880183
579,Ardra,Varaždin,618778
580,Almeria,El Monte,816038
581,Horatius,Waajid,641952
582,Meghann,Žrnovo,908304
583,Leda,Garça,969372
584,Michel,Ramat Yishay,344171
585,Urson,Parung,548701
586,Mollie,Sundsvall,99853
587,Ofella,Haoba,623782
588,Lucy,Xuanbao,19000
589,Livy,Zhuangbu,26652
590,Cherice,El Guamo,414614
591,Trudi,Saginaw,297975
592,Sansone,Sidareja,787988
593,Dari,Baldone,170794
594,Ambrosius,Figueira,487842
595,Bartolemo,Orguz,43933
596,Thorvald,Changshengqiao,89413
597,Emlyn,København,762474
598,Dael,Myitkyina,662591
599,Chrisy,Sanxi,830417
600,Kenna,Tsybulevka,681251
601,Aggy,Stoczek,734503
602,Aprilette,Campo Belo,56777
603,Godfrey,Cimalati,549176
604,Ethyl,Beo,935011
605,Errol,Aygestan,778897
606,Yoshiko,Karangarjo,359484
607,Gwenore,Onega,631623
608,Warde,Båstad,904680
609,Eldredge,Dongjian,806886
610,Roseanna,Kirkton,750728
611,Emmalee,Brea Pozo,718311
612,Inger,Yanggan,132651
613,Dougy,Takaoka,214569
614,Lenna,Jiangkou,941575
615,Camala,Kotaagung,782396
616,Darcy,Mîndreşti,726013
617,Alley,Hyesan-dong,301181
618,Adolph,Ampatuan,281326
619,Herminia,Liborina,296571
620,Katerina,Huliao,848021
621,Jazmin,Jucás,705667
622,Heinrick,Smederevska Palanka,82106
623,Beckie,Newark,300235
624,Gun,Loreto,730176
625,Lucia,Carazinho,176647
626,Grace,Tamorong,132207
627,George,Uvarovka,971441
628,Sheryl,Legionowo,868595
629,Dion,Buri,172481
630,Christyna,Vällingby,105947
631,Ingrim,Cagnes-sur-Mer,76782
632,Chrissy,Vuhlehirs’k,281795
633,Ignatius,Amper,710452
634,Dorthea,Goma,730057
635,Selma,Prioso Barat,764830
636,Florence,Rawa,704003
637,Jacquette,Tsagaan-Owoo,105417
638,Lavina,Al Jarādīyah,847171
639,Bernarr,Quba,795226
640,Neely,Matanog,83249
641,Bernete,Tudela,384732
642,Edward,Keetmanshoop,347379
643,Yanaton,Bilbays,225451
644,Malina,Göteborg,531485
645,Ronna,Tsotsin-Yurt,20300
646,Neill,Lazaro Cardenas,159391
647,Harrie,Xudat,539989
648,Pietra,Bugo,422850
649,Sisely,Mella,761335
650,Edsel,Yacuíba,436412
651,Cody,Ippy,899777
652,Britt,Pangkalanbunut,956233
653,Philomena,Cimaung Kidul,786185
654,Warden,Changjiang,471595
655,Wade,East Migpulao,977078
656,Muffin,Igreja,995334
657,Candie,Rybnoye,489557
658,Sula,Huibu,491677
659,Karia,Łubnice,881227
660,Hymie,Xiawuqi,576215
661,Udall,Majan,221659
662,Ulrick,Bukuru,808235
663,Margi,Sathing Phra,392733
664,Bobbette,Duotian,364504
665,Leland,Mahong,864925
666,Iorgos,Kuantan,352407
667,Archambault,Qila Abdullāh,907863
668,Quentin,Gukovo,878573
669,Darwin,Schenectady,577299
670,Silvana,Latowicz,159043
671,Si,Hamburg,873807
672,Maurits,Bilüü,985335
673,Benjamin,Kuafeu,303084
674,Derek,Margacina,745612
675,Jaime,Bagadó,623183
676,Brett,Eldoret,129911
677,Kayle,Santos Evos,179161
678,Payton,Schäffern,775399
679,Alfi,Mucuri,915188
680,Moise,Krasni Okny,494921
681,Bjorn,Akzhal,789944
682,Orton,Jinxiang,67801
683,Hendrika,La Aurora,84691
684,Cordie,Río Sereno,411095
685,Massimiliano,Miaoli,307278
686,Waylen,Az Zulfi,221668
687,Jeth,Pader Palwo,48852
688,Francene,Silvares,303545
689,Sissie,Maroua,267295
690,Vladamir,Voyinka,471532
691,Leslie,Kargowa,176292
692,Pen,Zhize,448589
693,Wat,San Miguel,873896
694,Maridel,Woto,975661
695,Isa,Lixu,886531
696,Glyn,Santo Domingo,563180
697,Petunia,Tunggaoen Timur,682421
698,Ruben,Évreux,497901
699,Mackenzie,Coxim,548275
700,Bev,Khuzdār,799365
701,Boyd,Jacksonville,190323
702,Floris,Slantsy,85799
703,Daisi,Maredakalada,819628
704,Terrie,Jin’e,626639
705,Othilie,Dongjiao,110126
706,Olympie,Washington,966007
707,Dora,Xiaojiezi,47413
708,Helga,Jistebník,14202
709,Julianna,Hufang,394843
710,Myrtice,Comandante Fontana,532123
711,Wendye,Osieck,936739
712,Vania,Mihara,335775
713,Tiffi,Corujeira,196764
714,Blane,Älmhult,640989
715,Dalli,Niuzhuang,251630
716,Wainwright,Jammā‘īn,786704
717,Delia,Nanga Eboko,315917
718,Jena,Saravia,85991
719,Dorie,Haparanda,227879
720,Rolfe,Karlstad,64099
721,Dyna,Drummondville,815209
722,Paddie,Xugu,19677
723,Lanni,Mabilang,956954
724,Emeline,Bojongaren,718629
725,Chryste,Pukhavichy,543767
726,Kristi,El Perico,602089
727,Car,Pejibaye,340023
728,Angelina,Żarki,747742
729,Stephana,Glan,499486
730,Dallas,Fuyang,756120
731,Joshia,Waina,489381
732,Abbi,Lavadorinhos,392300
733,Nathanil,Limeira,557699
734,Budd,Apiaí,610947
735,Boycie,Orichi,211078
736,Lowe,Vestmanna,806854
737,Stan,Yamaguchi-shi,728606
738,Errick,El Cantón de San Pablo,882189
739,Cash,Cintra,926611
740,Darline,Hamburg Sankt Pauli,486291
741,Brendin,Qiancang,555294
742,Townie,La Palma,724767
743,Meris,Yu’erhong,937573
744,Emery,Unawatuna,565587
745,Farlee,Jiangxi,675680
746,Nelly,Cennan,168098
747,Ayn,Guangming,127848
748,Susi,Šenkovec,556099
749,Andonis,Zhangjiayuan,154890
750,Rey,Xigangzi,112833
751,Jakie,Ciudad Tecún Umán,33911
752,Coraline,Sindangjawa,85268
753,Jenna,Olutanga,830382
754,Queenie,Masaguisi,183600
755,Lorant,Nandulehe,919267
756,Gerrilee,Kanbula,265958
757,Neddie,Satowebrang,215767
758,Skippy,Yanglinqiao,115547
759,Farica,Ferrol,328190
760,Maurits,Maloarkhangel’sk,394245
761,Ron,Buang,323821
762,Panchito,Toutai,221183
763,Heriberto,Shigony,832796
764,Sara-ann,Norsborg,99974
765,Sigismund,Sitabamba,898171
766,Tessa,Zhayang,841088
767,Randie,Miaotang,91221
768,Fowler,Sainte-Luce-sur-Loire,309111
769,Helyn,Patayac,664292
770,Yolane,Sayaq,978898
771,Eadie,Sambogunung,729197
772,Ellynn,Uzgen,905044
773,Pia,Bachok,429170
774,Omar,Grębów,572386
775,Sergent,Cotmon,206101
776,Octavius,Korisós,817398
777,Sherri,Tocok,935401
778,Raine,Panggung,532785
779,Birgitta,Wedoro,284113
780,Zilvia,Musawa,780490
781,Hyatt,Senahú,417786
782,Igor,Ayacucho,305606
783,Eunice,Volochys’k,533317
784,Henryetta,Gikongoro,846974
785,Mozes,Sukaraja,821480
786,Terza,Williamsfield,367363
787,Merola,Geneng,387903
788,Wilbert,Krajan,422541
789,Ajay,Maoshan,453014
790,Goldy,Glinka,651308
791,Lelia,Oliveira de Baixo,890562
792,Huberto,Mariestad,820073
793,Blayne,Pojok,422831
794,Jessamine,Henan’an,714161
795,Anita,Itaperuçu,370174
796,Phineas,Baihe,909358
797,Fallon,Alung,612758
798,Aaron,Alannay,966244
799,Chrystel,Skoki,399633
800,Sharai,La Fortuna,123605
801,Eolande,Balabagan,578703
802,Selie,Biała Piska,83643
803,Hakim,Rancapanjang,849773
804,Arlette,Pedro Leopoldo,45622
805,Dasie,Córdoba,837177
806,Lindy,Masākin,38177
807,Storm,Stěbořice,128608
808,Reinwald,Hongsung,246239
809,Sigismund,Hulan,128770
810,Chad,Cabuyaro,771713
811,Nadean,Wuxue Shi,606982
812,Harrison,Goraj,351033
813,Lauryn,‘Ūrīf,867324
814,Grady,Zhangxi,565569
815,Lucian,Danilov,131902
816,Bern,Praia da Barra,277934
817,Wheeler,Krzczonów,35368
818,Flossie,Yanjiang,549361
819,Fabien,Swedru,566156
820,Sheba,Jarabacoa,862102
821,Silvia,Lazurne,740687
822,Tommi,Groningen,108839
823,Alisha,Bobai,808806
824,Jaquelyn,Yazykovo,306995
825,Ricardo,Kopparberg,455057
826,Kimmie,Byczyna,316090
827,Rafaello,Buenavista,424074
828,Troy,Funchalinho,624405
829,Zuzana,Sukaraja,757810
830,Bettye,Dĩ An,942395
831,Naomi,Sukhobezvodnoye,846755
832,Dionne,Rantīs,578928
833,Tomaso,Gręboszów,250730
834,Gaye,Mora,36006
835,Forester,Lyon,99041
836,Peg,Cekcyn,575892
837,Lorenzo,Mrzezino,702775
838,Ralf,Al Qaţīf,717183
839,Ferdinand,Sallanches,631801
840,Guthry,Wucun,502564
841,Yoshi,Balun,409981
842,Paola,Darya Boyi,777585
843,Cooper,Barurao,829430
844,Millicent,Mooka,454733
845,Claudetta,Dayuan,191892
846,Nadeen,Banggel,531186
847,Leyla,Tianmen,134891
848,Alard,Nieszawa,152249
849,Igor,Xinying,77040
850,Keven,Sargodha,909370
851,Hoyt,Kolindrós,414663
852,Reggis,Mesopotam,954840
853,Karalee,Kayanza,753712
854,Niccolo,Ramada,904318
855,Sam,Maracaju,537160
856,Shanda,Niedzica,73797
857,Jessalin,Alajuela,152928
858,Colan,Reguengos de Monsaraz,220453
859,Marissa,Ad Dīs ash Sharqīyah,63311
860,Catherine,Carpalho,532103
861,Hilde,Nol,776801
862,Zechariah,Tours,929001
863,Estrella,Mullovka,267151
864,Bessie,Halden,689628
865,Em,Kadusirung Hilir,633534
866,Bunny,Cimonyong,676743
867,Darb,Mayakovski,555719
868,Obidiah,Fenoarivo Be,877710
869,Gennie,Ban Houayxay,448466
870,Zelig,Örebro,68473
871,Janith,Kotsyubyns’ke,846038
872,Bealle,Puyung,300673
873,Ollie,Phnom Penh,763194
874,Clayborne,Toufang,77118
875,Carmen,Non Sang,265279
876,Wells,Heret,16490
877,Carol,Tras Cerros,27623
878,Inglis,Muslyumovo,531514
879,Latrena,Shtip,266028
880,Georgetta,Liangkou,99862
881,Gavra,Atiquizaya,841271
882,Ayn,Fenoarivo Be,738473
883,Garwood,Thị Trấn Cao Phong,609230
884,Giselle,Laironja,151653
885,Noami,Bopu,688041
886,Ara,Wootton,908380
887,Sheelagh,Zungeru,337569
888,Victor,Nahuo,206118
889,Marylynne,Katima Mulilo,581683
890,Debora,Parigi,292203
891,Brigham,Kongsvinger,108895
892,Templeton,Galesong,703535
893,Jamey,Lengji,57058
894,Kellen,Kayu Agung,776967
895,Kikelia,Calasgasan,362341
896,Maxwell,Dongshi,608606
897,Kaile,Chernukha,41270
898,Ellsworth,Maoshan,825916
899,Agnese,Ningdun,631175
900,Marlyn,Dvin,194551
901,Cher,Azinhal,448057
902,Rici,Isehara,325633
903,Alex,Dingshu,346968
904,Kendall,Finiq,766495
905,Jsandye,Pedro II,530002
906,Patrick,Dahedian,867143
907,Tommie,Montpellier,551827
908,Izabel,Changchi,283658
909,Teodor,Pidvolochys’k,526441
910,Liam,Alvito de São Pedro,87062
911,Keir,Garça,97738
912,Gradeigh,Melchor Ocampo,524785
913,Donelle,Kacangan Lor,167250
914,Harmony,Makumbako,989787
915,Katie,Pljevlja,712089
916,Gary,Krajan,624206
917,Manda,Xinfeng,524091
918,Freddy,Hat Yai,585778
919,Thorndike,Voloka,398391
920,Gabey,Irricana,797340
921,Kippie,Aston,482815
922,Ulrike,Aqqan,745298
923,Helena,Kolchikón,343455
924,Emeline,Fagatogo,715295
925,Maura,Niedercorn,392853
926,Dirk,Huatai,113324
927,Malorie,Kakamas,594868
928,Kala,Rosh Ha‘Ayin,603137
929,Raddie,Vandœuvre-lès-Nancy,529417
930,Hi,Vaitogi,965050
931,Kailey,Saiki,880495
932,Ody,Rafael Perazza,477047
933,Rip,Chongru,475395
934,Davide,Puračić,333683
935,Ringo,Tukhlya,305598
936,Leonid,Viedma,845797
937,Brooke,Independence,189713
938,Sibeal,Shangzhang,239516
939,Birdie,Cilegong,718716
940,Shirley,Mingora,306747
941,Glenna,Datian,942733
942,Clayson,Yanghuxiang,449234
943,Olav,Pato Branco,976646
944,Rachele,Kasina Wielka,140974
945,Dalli,Stuttgart,905667
946,Linoel,Buk,250433
947,Luca,Páchni,610433
948,Cletus,Cacheu,891211
949,Alyson,Kaga Bandoro,385585
950,Tallie,Milicz,384844
951,Neddy,Mandesan,841761
952,Hewet,Shiyuetian,176327
953,Forester,Plandirejo,288447
954,Prentiss,Villeta,836390
955,Saul,La Paz Centro,894792
956,Leanor,Sadananya,957270
957,Angy,Prao,108147
958,Winny,Outeiro,803950
959,Jeremiah,Vysoké nad Jizerou,445631
960,Ruthy,Furukawa,648346
961,Eddi,Kapunduk,536444
962,Carmina,Novo-Peredelkino,87483
963,Meagan,Maputsoe,548357
964,Bert,Luleå,332179
965,Maurice,Bharatpur,452700
966,Wright,Bromma,539534
967,Lolly,Skála,820789
968,Bernadette,Ludwigshafen am Rhein,732452
969,Kiley,Shouchang,854000
970,Kassandra,Krajan Siki,739688
971,Jessey,Baozhu,952921
972,Karel,Xiaxindian,163689
973,Lexi,Balzan,262039
974,Barn,Zhushan,718391
975,Dene,Hoolt,164388
976,Irina,Qianjiang,922622
977,Cherish,Alca,823763
978,Olia,Taouloukoult,99131
979,Cosetta,Zihu,141929
980,Reggy,Wucheng,752917
981,Brock,Waihibar,566993
982,Trina,Xinhe,868278
983,Jarad,Danville,403072
984,Kippy,Bahuang,937879
985,Sibley,Barreiro do Jaíba,422507
986,Rosalia,Chengxi,678253
987,Janeta,Nanping,79377
988,Shantee,Muyi,811614
989,Ax,Liudu,908368
990,Orsa,Sadov,217926
991,Gerhardine,Katsuura,118945
992,Cymbre,Hongmiao,833869
993,Anastasia,Suslonger,813794
994,York,Donglu,216835
995,Frazer,Al Balyanā,489644
996,Molli,Xiaochi,234297
997,Enriqueta,Vathýlakkos,417242
998,Audy,Mundão,125998
999,Fredia,Kapan,520198
1000,Dene,Bani,205216
